"","d13C_A","sd_d13C_A","d15N_A","sd_d15N_A","d13C_P","sd_d13C_P","d15N_P","sd_d15N_P","d13C_T","sd_d13C_T","d15N_T","sd_d15N_T"
"February_2018",-31.2583386840779,0.620115047582399,11.7029654529192,6.36739256635755,-31.6925,0.212663270610292,6.06125,0.329203457859523,-32.075,0.170899580650938,0.559,0.318914826664843
"November_2018",-22.4937569305109,4.69202270011695,3.54337485097656,1.42797526862113,-26.31975,0.0493043270582472,2.413,0.619124650884887,-31.5665,0.210704374262456,0.9295,0.211689237641722
"June_2018",-25.9558536310425,2.16790459355056,10.1764840806482,3.67257725404981,-28.02225,0.297040261019726,6.694,0.32788107600165,-29.78,0.105432442824779,3.676,0.0859573537672413
"February_2019",-26.796581521043,1.11245519777276,9.64363725371272,5.27273010614276,-27.87,0.1113552872566,4.18,0.258650343127551,-28.4466666666667,0.149777612924406,1.15333333333333,0.272274371422162
